Label,Symmetry Number,Number of optical isomers,Symmetry Group,Rotational constant (cm-1),"Calculated Frequencies (unscaled and prior to projection, cm^-1)",Electronic energy (J/mol),"E0 (electronic energy + ZPE, J/mol)",E0 with atom and bond corrections (J/mol),Atom XYZ coordinates (angstrom),T1 diagnostic,D1 diagnostic
r_no2,2,1,C2v,"0.41, 0.43, 7.78","749.0, 1403.6, 1720.1",-538417045.7595627,-538395093.805259,-302774.6988860308,"N    -1.9872936e-05    -0.328049697556    0.0, O    1.107329803173    0.1435277971    0.0, O    -1.107312405006    0.143669996778    0.0",,
r_hydroxylamine,1,1,Cs,"0.84, 0.84, 6.33","400.5, 933.6, 1163.5, 1327.2, 1408.7, 1673.8, 3425.8, 3511.4, 3807.3",-345819751.3418771,-345719690.71779823,-346010.81634077843,"N    -0.730110978973    0.005460393755    0.103764451472, O    0.70511856915    -0.014095988605    -0.091414186626, H    0.981184669069    -0.688533753197    0.543313820563, H    -0.928752169749    0.98928913575    0.30319854143, H    -1.09875820716    -0.152910437647    -0.837442516715",,
p_hono,1,1,Cs,"0.37, 0.42, 3.08","594.4, 630.6, 860.9, 1305.5, 1793.0, 3755.7",-540066100.2571266,-540015419.6343021,-397437.7694009271,"N    -0.337893532792    -0.394951698502    -0.000169769397, O    1.08065384502    -0.236568407661    -0.000137803621, H    1.392763954413    -1.157551960822    0.002442488245, O    -0.872594855822    0.655273218772    0.000132532736",,
p_nitric_oxide,1,1,Cs,"1.03, 1.13, 10.54","467.3, 1278.4, 1387.4, 1675.0, 3391.3, 3520.7",-344175022.2887319,-344108583.5252999,-260566.3823706048,"N    0.571833766926    0.080291332544    0.19689565514, O    -0.62052250981    -0.099200114468    -0.240336160645, H    0.963687766618    1.023746277082    0.17979394417, H    0.93919611313    -0.564964370646    0.898778134",,
ts,1,1,C1,"0.07, 0.09, 0.42","434.9i, 114.1, 181.7, 207.4, 299.0, 411.9, 669.4, 808.4, 999.0, 1092.3, 1238.9, 1341.6, 1576.7, 1626.1, 1672.0, 2356.9, 3077.2, 3510.0",-884212250.9719083,-884092173.464642,-626174.4568116773,"N    -0.736338388007    -1.288010412387    -1.183854394575, H    -1.718653127543    -1.5107519737    -1.348549651377, H    -0.462380080526    -1.211092968442    -0.181456870753, O    -0.42325954683    -0.157034364135    -1.860367224666, H    0.171128402264    0.383917206541    -1.204151412401, O    0.640339330331    0.989600948481    0.096540273307, N    0.19907220926    0.15971854058    0.952244555568, O    0.379923117977    0.302530232788    2.138871311829",,
